App,Category,Rating,Reviews
Photo Editor & Candy Camera & Grid & ScrapBook,ART_AND_DESIGN,4.1,159
Coloring book moana,ART_AND_DESIGN,3.9,967
Gas Prices (Germany only),AUTO_AND_VEHICLES,4.4,805
Sketch - Draw & Paint,ART_AND_DESIGN,4.5,215644
Pixel Draw - Number Art Coloring Book,ART_AND_DESIGN,4.3,967
Paper flowers instructions,ART_AND_DESIGN,4.4,167
Smoke Effect Photo Maker - Smoke Editor,ART_AND_DESIGN,3.8,178
Infinite Painter,ART_AND_DESIGN,4.1,36815
Garden Coloring Book,ART_AND_DESIGN,4.4,13791
Kids Paint Free - Drawing Fun,ART_AND_DESIGN,4.7,121
Text on Photo - Fonteee,ART_AND_DESIGN,4.4,13880
Name Art Photo Editor - Focus n Filters,ART_AND_DESIGN,4.4,8788
Tattoo Name On My Photo Editor,ART_AND_DESIGN,4.2,44829
Mandala Coloring Book,ART_AND_DESIGN,4.6,4326
3D Color Pixel by Number - Sandbox Art Coloring,ART_AND_DESIGN,4.4,1518
Learn To Draw Kawaii Characters,ART_AND_DESIGN,3.2,55
Photo Designer - Write your name with shapes,ART_AND_DESIGN,4.7,3632
350 Diy Room Decor Ideas,ART_AND_DESIGN,4.5,27
FlipaClip - Cartoon animation,ART_AND_DESIGN,4.3,194216
ibis Paint X,ART_AND_DESIGN,4.6,224399
Logo Maker - Small Business,ART_AND_DESIGN,4,450
Boys Photo Editor - Six Pack & Men's Suit,ART_AND_DESIGN,4.1,654
Superheroes Wallpapers | 4K Backgrounds,ART_AND_DESIGN,4.7,7699
HD Mickey Minnie Wallpapers,ART_AND_DESIGN,4.7,118
Harley Quinn wallpapers HD,ART_AND_DESIGN,4.8,192
Colorfit - Drawing & Coloring,ART_AND_DESIGN,4.7,20260
Animated Photo Editor,ART_AND_DESIGN,4.1,203
Pencil Sketch Drawing,ART_AND_DESIGN,3.9,136
Easy Realistic Drawing Tutorial,ART_AND_DESIGN,4.1,223
Pink Silver Bow Keyboard Theme,ART_AND_DESIGN,4.2,1120
