app,rating
Photo Editor & Candy Camera & Grid & ScrapBook,4.1
Coloring book moana,3.9
Gas Prices (Germany only),4.4
Sketch - Draw & Paint,4.5
Pixel Draw - Number Art Coloring Book,4.3
Paper flowers instructions,4.4
Smoke Effect Photo Maker - Smoke Editor,3.8
Infinite Painter,4.1
Garden Coloring Book,4.4
Kids Paint Free - Drawing Fun,4.7
Text on Photo - Fonteee,4.4
Name Art Photo Editor - Focus n Filters,4.4
Tattoo Name On My Photo Editor,4.2
Mandala Coloring Book,4.6
3D Color Pixel by Number - Sandbox Art Coloring,4.4
Learn To Draw Kawaii Characters,3.2
Photo Designer - Write your name with shapes,4.7
350 Diy Room Decor Ideas,4.5
FlipaClip - Cartoon animation,4.3
ibis Paint X,4.6
Logo Maker - Small Business,4
Boys Photo Editor - Six Pack & Men's Suit,4.1
Superheroes Wallpapers | 4K Backgrounds,4.7
HD Mickey Minnie Wallpapers,4.7
Harley Quinn wallpapers HD,4.8
Colorfit - Drawing & Coloring,4.7
Animated Photo Editor,4.1
Pencil Sketch Drawing,3.9
Easy Realistic Drawing Tutorial,4.1
Pink Silver Bow Keyboard Theme,4.2
